http://covid.geog.ucsb.edu/lod/research/BPagano-RtDriven,2022-01-02
http://covid.geog.ucsb.edu/lod/research/CU-nochange,2022-01-02
http://covid.geog.ucsb.edu/lod/research/CU-scenario_low,2022-01-02
http://covid.geog.ucsb.edu/lod/research/CU-scenario_mid,2022-01-02
http://covid.geog.ucsb.edu/lod/research/CU-select,2022-01-02
http://covid.geog.ucsb.edu/lod/research/CUBoulder-COVIDLSTM,2022-01-02
http://covid.geog.ucsb.edu/lod/research/CovidAnalytics-DELPHI,2022-01-02
http://covid.geog.ucsb.edu/lod/research/FAIR-NRAR,2022-01-02
http://covid.geog.ucsb.edu/lod/research/JBUD-HMXK,2022-01-02
http://covid.geog.ucsb.edu/lod/research/JHUAPL-Gecko,2022-01-02
http://covid.geog.ucsb.edu/lod/research/JHU_CSSE-DECOM,2022-01-02
http://covid.geog.ucsb.edu/lod/research/MIT_CritData-GBCF,2022-01-02
http://covid.geog.ucsb.edu/lod/research/PandemicCentral-COVIDForest,2022-01-02
http://covid.geog.ucsb.edu/lod/research/SDSC_ISG-TrendModel,2022-01-02
http://covid.geog.ucsb.edu/lod/research/TTU-squider,2022-01-02
http://covid.geog.ucsb.edu/lod/research/UCF-AEM,2022-01-02
http://covid.geog.ucsb.edu/lod/research/UMass-MechBayes,2022-01-02
http://covid.geog.ucsb.edu/lod/research/USC-SI_kJalpha,2022-01-02
http://covid.geog.ucsb.edu/lod/research/AIpert-pwllnod,2022-01-03
http://covid.geog.ucsb.edu/lod/research/COVIDhub-4_week_ensemble,2022-01-03
http://covid.geog.ucsb.edu/lod/research/COVIDhub-baseline,2022-01-03
http://covid.geog.ucsb.edu/lod/research/COVIDhub-ensemble,2022-01-03
http://covid.geog.ucsb.edu/lod/research/COVIDhub-trained_ensemble,2022-01-03
http://covid.geog.ucsb.edu/lod/research/COVIDhub_CDC-ensemble,2022-01-03
http://covid.geog.ucsb.edu/lod/research/DDS-NBDS,2022-01-03
http://covid.geog.ucsb.edu/lod/research/FRBSF_Wilson-Econometric,2022-01-03
http://covid.geog.ucsb.edu/lod/research/GT-DeepCOVID,2022-01-03
http://covid.geog.ucsb.edu/lod/research/HKUST-DNN,2022-01-03
http://covid.geog.ucsb.edu/lod/research/IEM_MED-CovidProject,2022-01-03
http://covid.geog.ucsb.edu/lod/research/JHUAPL-Bucky,2022-01-03
http://covid.geog.ucsb.edu/lod/research/JHUAPL-SLPHospEns,2022-01-03
http://covid.geog.ucsb.edu/lod/research/KITmetricslab-select_ensemble,2022-01-03
http://covid.geog.ucsb.edu/lod/research/MIT-Cassandra,2022-01-03
http://covid.geog.ucsb.edu/lod/research/MIT_ISOLAT-Mixtures,2022-01-03
http://covid.geog.ucsb.edu/lod/research/MOBS-GLEAM_COVID,2022-01-03
http://covid.geog.ucsb.edu/lod/research/MUNI-ARIMA,2022-01-03
http://covid.geog.ucsb.edu/lod/research/Microsoft-DeepSTIA,2022-01-03
http://covid.geog.ucsb.edu/lod/research/PSI-DRAFT,2022-01-03
http://covid.geog.ucsb.edu/lod/research/QJHong-Encounter,2022-01-03
http://covid.geog.ucsb.edu/lod/research/RobertWalraven-ESG,2022-01-03
http://covid.geog.ucsb.edu/lod/research/SteveMcConnell-CovidComplete,2022-01-03
http://covid.geog.ucsb.edu/lod/research/UMich-RidgeTfReg,2022-01-03
http://covid.geog.ucsb.edu/lod/research/UT_GISAG-SPDM,2022-01-03
http://covid.geog.ucsb.edu/lod/research/UVA-Ensemble,2022-01-03
http://covid.geog.ucsb.edu/lod/research/epiforecasts-ensemble1,2022-01-03
http://covid.geog.ucsb.edu/lod/research/prolix-euclidean,2022-01-03
http://covid.geog.ucsb.edu/lod/research/CWRU-COVID_19Predict,2022-01-09
http://covid.geog.ucsb.edu/lod/research/UCSD_NEU-DeepGLEAM,2022-01-10
http://covid.geog.ucsb.edu/lod/research/UMass-trends_ensemble,2022-01-10
http://covid.geog.ucsb.edu/lod/research/IHME-CurveFit,2022-01-14
http://covid.geog.ucsb.edu/lod/research/JHU_UNC_GAS-StatMechPool,2022-01-16
http://covid.geog.ucsb.edu/lod/research/Karlen-pypm,2022-01-16
http://covid.geog.ucsb.edu/lod/research/CMU-TimeSeries,2022-01-17
http://covid.geog.ucsb.edu/lod/research/JHU_IDD-CovidSP,2022-01-23
http://covid.geog.ucsb.edu/lod/research/NCSU-COVSIM,2022-01-23
http://covid.geog.ucsb.edu/lod/research/LosAlamos_NAU-CModel_SDVaxVar,2022-01-24
